kategorie,instrument,typ,position_usd,handel_usd,provision_usd,sonstige_usd,gesamt_usd,hinweis
Stillhaltergeschaeft,ACN 22MAR24 345 P,Option Short (laut Report),-470.0,555.0,-1.5,0.0,83.5,Aus Aktien- und Indexoptionen
Stillhaltergeschaeft,ASO 22MAR24 63 P,Option Short (laut Report),215.4,-103.4,-6.0,0.0,106.0,Aus Aktien- und Indexoptionen
Stillhaltergeschaeft,CAR 19JAN24 160 P,Option Short (laut Report),185.0,77.0,-6.0,0.0,256.0,Aus Aktien- und Indexoptionen
Stillhaltergeschaeft,CMCSA 08MAR24 41 P,Option Short (laut Report),132.0,-18.0,-18.0,0.0,96.0,Aus Aktien- und Indexoptionen
Stillhaltergeschaeft,CSCO 16FEB24 48 P,Option Short (laut Report),0.0,-4.0,-12.0,0.0,-16.0,Aus Aktien- und Indexoptionen
Stillhaltergeschaeft,DD 26JAN24 62 P,Option Short (laut Report),30.0,70.0,-6.0,0.0,94.0,Aus Aktien- und Indexoptionen
Stillhaltergeschaeft,DE 16FEB24 360 P,Option Short (laut Report),80.0,-3.0,-3.0,0.0,74.0,Aus Aktien- und Indexoptionen
Stillhaltergeschaeft,DELL 24MAY24 134 P,Option Short (laut Report),176.06,19.94,-6.0,0.0,190.0,Aus Aktien- und Indexoptionen
Stillhaltergeschaeft,DHI 15MAR24 146 P,Option Short (laut Report),125.0,15.0,-3.0,0.0,137.0,Aus Aktien- und Indexoptionen
Stillhaltergeschaeft,DHI 17MAY24 145 P,Option Short (laut Report),286.28,-50.28,-6.0,0.0,230.0,Aus Aktien- und Indexoptionen
Stillhaltergeschaeft,DHI 14JUN24 135 P,Option Short (laut Report),100.04,-4.04,-6.0,0.0,90.0,Aus Aktien- und Indexoptionen
Stillhaltergeschaeft,DHI 21JUN24 137 P,Option Short (laut Report),106.96,33.04,-6.0,0.0,134.0,Aus Aktien- und Indexoptionen
Stillhaltergeschaeft,FCX 29DEC23 44 C,Option Short (laut Report),0.0,0.0,0.0,0.0,0.0,Aus Aktien- und Indexoptionen
Stillhaltergeschaeft,FCX 05JAN24 43 C,Option Short (laut Report),133.0,56.0,-10.5,0.0,178.5,Aus Aktien- und Indexoptionen
Stillhaltergeschaeft,FCX 12JAN24 42.5 C,Option Short (laut Report),273.0,-42.0,-10.5,0.0,220.5,Aus Aktien- und Indexoptionen
Stillhaltergeschaeft,FCX 08MAR24 41.5 C,Option Short (laut Report),28.0,21.0,-10.5,0.0,38.5,Aus Aktien- und Indexoptionen
Stillhaltergeschaeft,FCX 22MAR24 42.5 C,Option Short (laut Report),-739.9,1404.9,-10.5,0.0,654.5,Aus Aktien- und Indexoptionen
Stillhaltergeschaeft,GEHC 03MAY24 77 P,Option Short (laut Report),414.87,-315.87,-4.5,0.0,94.5,Aus Aktien- und Indexoptionen
Stillhaltergeschaeft,HAL 29DEC23 37.5 C,Option Short (laut Report),0.0,0.0,0.0,0.0,0.0,Aus Aktien- und Indexoptionen
Stillhaltergeschaeft,HAL 05JAN24 37.5 C,Option Short (laut Report),38.5,52.5,-10.5,0.0,80.5,Aus Aktien- und Indexoptionen
Stillhaltergeschaeft,HAL 26JAN24 36 C,Option Short (laut Report),-966.0,1071.0,-10.5,0.0,94.5,Aus Aktien- und Indexoptionen
Stillhaltergeschaeft,HD 19APR24 337.5 P,Option Short (laut Report),-2.5,231.5,-1.5,0.0,227.5,Aus Aktien- und Indexoptionen
Stillhaltergeschaeft,HD 26APR24 340 C,Option Short (laut Report),165.5,58.5,-1.5,0.0,222.5,Aus Aktien- und Indexoptionen
Stillhaltergeschaeft,HD 03MAY24 340 C,Option Short (laut Report),-86.5,258.5,-1.5,0.0,170.5,Aus Aktien- und Indexoptionen
Stillhaltergeschaeft,HES 01MAR24 138 P,Option Short (laut Report),111.22,22.78,-6.0,0.0,128.0,Aus Aktien- und Indexoptionen
Stillhaltergeschaeft,INTC 21JUN24 29.5 P,Option Short (laut Report),140.0,60.0,-24.0,0.0,176.0,Aus Aktien- und Indexoptionen
Stillhaltergeschaeft,JD 28JUN24 27.5 P,Option Short (laut Report),-1317.96,1515.96,-13.5,0.0,184.5,Aus Aktien- und Indexoptionen
Stillhaltergeschaeft,JD 12JUL24 28 C,Option Short (laut Report),-40.5,175.5,-13.5,0.0,121.5,Aus Aktien- und Indexoptionen
Stillhaltergeschaeft,LEN 17MAY24 155 P,Option Short (laut Report),292.82,-30.82,-6.0,0.0,256.0,Aus Aktien- und Indexoptionen
Stillhaltergeschaeft,MRO 02FEB24 22 P,Option Short (laut Report),55.0,44.0,-33.0,0.0,66.0,Aus Aktien- und Indexoptionen
Stillhaltergeschaeft,MRO 16FEB24 21.5 P,Option Short (laut Report),220.0,33.0,-33.0,0.0,220.0,Aus Aktien- und Indexoptionen
Stillhaltergeschaeft,MSFT 02AUG24 405 P,Option Short (laut Report),84.64,12.36,-3.0,0.0,94.0,Aus Aktien- und Indexoptionen
Stillhaltergeschaeft,NTES 26JAN24 85 P,Option Short (laut Report),75.0,30.0,-4.5,0.0,100.5,Aus Aktien- und Indexoptionen
Stillhaltergeschaeft,NTES 12APR24 93 P,Option Short (laut Report),45.0,246.0,-4.5,0.0,286.5,Aus Aktien- und Indexoptionen
Stillhaltergeschaeft,NTES 19APR24 95 C,Option Short (laut Report),195.0,105.0,-4.5,0.0,295.5,Aus Aktien- und Indexoptionen
Stillhaltergeschaeft,NTES 26APR24 96 C,Option Short (laut Report),360.0,57.0,-4.5,0.0,412.5,Aus Aktien- und Indexoptionen
Stillhaltergeschaeft,NTES 03MAY24 99 C,Option Short (laut Report),-988.5,1231.5,-4.5,0.0,238.5,Aus Aktien- und Indexoptionen
Stillhaltergeschaeft,NTES 17MAY24 92 P,Option Short (laut Report),235.74,37.26,-9.0,0.0,264.0,Aus Aktien- und Indexoptionen
Stillhaltergeschaeft,NTES 31MAY24 92 P,Option Short (laut Report),-598.5,838.5,-4.5,0.0,235.5,Aus Aktien- und Indexoptionen
Stillhaltergeschaeft,NTES 07JUN24 92 C,Option Short (laut Report),-472.5,643.5,-4.5,0.0,166.5,Aus Aktien- und Indexoptionen
Stillhaltergeschaeft,NTES 28JUN24 88 P,Option Short (laut Report),277.5,-16.5,-9.0,0.0,252.0,Aus Aktien- und Indexoptionen
Stillhaltergeschaeft,NTES 26JUL24 89 P,Option Short (laut Report),285.0,-18.0,-9.0,0.0,258.0,Aus Aktien- und Indexoptionen
Stillhaltergeschaeft,NTES 02AUG24 89 P,Option Short (laut Report),202.5,-19.5,-9.0,0.0,174.0,Aus Aktien- und Indexoptionen
Stillhaltergeschaeft,NXPI 19APR24 230 P,Option Short (laut Report),-1213.0,1398.0,-1.5,0.0,183.5,Aus Aktien- und Indexoptionen
Stillhaltergeschaeft,NXPI 26APR24 240 C,Option Short (laut Report),-147.5,287.5,-1.5,0.0,138.5,Aus Aktien- und Indexoptionen
Stillhaltergeschaeft,SHEL 17MAY24 72 P,Option Short (laut Report),21.0,45.0,-4.5,0.0,61.5,Aus Aktien- und Indexoptionen
Stillhaltergeschaeft,SHEL 24MAY24 72 C,Option Short (laut Report),112.5,28.5,-4.5,0.0,136.5,Aus Aktien- und Indexoptionen
Stillhaltergeschaeft,SHEL 31MAY24 72 C,Option Short (laut Report),-121.5,217.5,-4.5,0.0,91.5,Aus Aktien- und Indexoptionen
Stillhaltergeschaeft,SWKS 08MAR24 100 P,Option Short (laut Report),156.6,-8.6,-6.0,0.0,142.0,Aus Aktien- und Indexoptionen
Stillhaltergeschaeft,SWKS 12APR24 101 P,Option Short (laut Report),64.8,43.2,-6.0,0.0,102.0,Aus Aktien- und Indexoptionen
Stillhaltergeschaeft,TSM 24MAY24 149 P,Option Short (laut Report),349.62,-115.62,-6.0,0.0,228.0,Aus Aktien- und Indexoptionen
Stillhaltergeschaeft,TSM 19JUL24 172.5 P,Option Short (laut Report),-457.0,611.0,-1.5,0.0,152.5,Aus Aktien- und Indexoptionen
Stillhaltergeschaeft,TSM 26JUL24 175 C,Option Short (laut Report),123.0,2.0,-1.5,0.0,123.5,Aus Aktien- und Indexoptionen
Stillhaltergeschaeft,WAL 05JAN24 62 P,Option Short (laut Report),100.0,36.0,-6.0,0.0,130.0,Aus Aktien- und Indexoptionen
Stillhaltergeschaeft,WAL 02FEB24 47 P,Option Short (laut Report),3.2,51.8,-7.5,0.0,47.5,Aus Aktien- und Indexoptionen
Stillhaltergeschaeft,WAL 09FEB24 54 P,Option Short (laut Report),83.36,16.64,-6.0,0.0,94.0,Aus Aktien- und Indexoptionen
Stillhaltergeschaeft,WAL 23FEB24 55 P,Option Short (laut Report),275.72,-51.72,-12.0,0.0,212.0,Aus Aktien- und Indexoptionen
Stillhaltergeschaeft,WAL 08MAR24 55 P,Option Short (laut Report),282.04,-70.04,-12.0,0.0,200.0,Aus Aktien- und Indexoptionen
Stillhaltergeschaeft,WAL 19APR24 54 P,Option Short (laut Report),380.0,-156.0,-6.0,0.0,218.0,Aus Aktien- und Indexoptionen
Stillhaltergeschaeft,WAL 14JUN24 55 P,Option Short (laut Report),90.16,53.84,-6.0,0.0,138.0,Aus Aktien- und Indexoptionen
Stillhaltergeschaeft,WAL 28JUN24 58 P,Option Short (laut Report),70.0,10.0,-6.0,0.0,74.0,Aus Aktien- und Indexoptionen
Stillhaltergeschaeft,X 12APR24 39 P,Option Short (laut Report),-4.26,106.26,-18.0,0.0,84.0,Aus Aktien- und Indexoptionen
Stillhaltergeschaeft,ZION 22MAR24 39 P,Option Short (laut Report),239.94,18.06,-18.0,0.0,240.0,Aus Aktien- und Indexoptionen
Stillhaltergeschaeft,ZION 28JUN24 39 P,Option Short (laut Report),106.8,199.2,-18.0,0.0,288.0,Aus Aktien- und Indexoptionen
Aktiengeschaeft,ACN ACCENTURE PLC-CL A,Aktie,-2008.0,-1069.0,-1.26,198.66,-2879.6,Aus Aktien-Sektion
Aktiengeschaeft,FCX FREEPORT-MCMORAN INC,Aktie,1946.0,-1995.0,0.0,89.25,40.25,Aus Aktien-Sektion
Aktiengeschaeft,HAL HALLIBURTON CO,Aktie,728.0,-833.0,-0.32,0.0,-105.32,Aus Aktien-Sektion
Aktiengeschaeft,HD HOME DEPOT INC,Aktie,693.0,-443.0,0.0,0.0,250.0,Aus Aktien-Sektion
Aktiengeschaeft,JD JD.COM INC-ADR,Aktie,774.0,-324.0,-0.15,0.0,449.85,Aus Aktien-Sektion
Aktiengeschaeft,NTES NETEASE INC-ADR,Aktie,4662.0,-2862.0,0.0,148.5,1948.5,Aus Aktien-Sektion
Aktiengeschaeft,NXPI NXP SEMICONDUCTORS NV,Aktie,3201.0,-2201.0,0.0,0.0,1000.0,Aus Aktien-Sektion
Aktiengeschaeft,SHEL SHELL PLC-ADR,Aktie,-333.0,333.0,0.0,0.0,0.0,Aus Aktien-Sektion
Aktiengeschaeft,TSM TAIWAN SEMICONDUCTOR-SP ADR,Aktie,-1782.0,-1268.0,-1.0,0.0,-3051.0,Aus Aktien-Sektion
Termingeschaeft,-,nicht separat ausgewiesen,0,0,0,0,0,leer zur Vermeidung von Doppelzaehlung
