row_id,section,symbol,description,category,datetime,action,qty,price,kurswert,pnl_position,pnl_trade,commission,other,pnl_total,fx_component_eur,fx_method,parse_flag,pair_id,entry_datetime,entry_price,entry_qty,exit_datetime,exit_price,exit_qty,realized_pnl,realized_pnl_method,uncertainty
1,Aktie,ACN,,Aktie,2024-03-22 16:20:00,Zugeteilt,100,345.00,"34,500.00","-1,118.00",0.00,0.00,,"-1,118.00",,Nicht pro Trade isolierbar aus MTM-PDF; nur Klassen-Gesamtwert in EUR vorhanden,OK,,,,,,,,,,ENTRY/Bestandsaufbau
2,Aktie,ACN,,Aktie,2024-08-05 09:46:09,Verkauf,-100,314.23,"-31,423.00",49.00,-1.26,0.00,,47.74,,Nicht pro Trade isolierbar aus MTM-PDF; nur Klassen-Gesamtwert in EUR vorhanden,OK,P0001,2024-03-22 16:20:00,345.0,100.0,2024-08-05 09:46:09,314.23,100.0,47.74,"Bestandsgegenrichtung (FIFO, heuristisch)",
3,Aktie,FCX,FREEPORT-MCMORAN INC,Aktie,2024-03-22 16:20:00,Zugeteilt,-700,42.50,"-29,750.00","-1,995.00",0.00,0.00,,"-1,995.00",,Nicht pro Trade isolierbar aus MTM-PDF; nur Klassen-Gesamtwert in EUR vorhanden,OK,,,,,,,,,,ENTRY/Bestandsaufbau
4,Aktie,HAL,HALLIBURTON CO,Aktie,2024-01-26 16:20:00,Zugeteilt,-700,36.00,"-25,200.00",-833.00,-0.32,0.00,,-833.32,,Nicht pro Trade isolierbar aus MTM-PDF; nur Klassen-Gesamtwert in EUR vorhanden,OK,,,,,,,,,,ENTRY/Bestandsaufbau
5,Aktie,HD,HOME DEPOT INC,Aktie,2024-04-19 16:20:00,Zugeteilt,100,337.50,"33,750.00",-214.00,0.00,0.00,,-214.00,,Nicht pro Trade isolierbar aus MTM-PDF; nur Klassen-Gesamtwert in EUR vorhanden,OK,,,,,,,,,,ENTRY/Bestandsaufbau
6,Aktie,HD,HOME DEPOT INC,Aktie,2024-05-03 16:20:00,Zugeteilt,-100,340.00,"-34,000.00",-229.00,0.00,0.00,,-229.00,,Nicht pro Trade isolierbar aus MTM-PDF; nur Klassen-Gesamtwert in EUR vorhanden,OK,P0002,2024-04-19 16:20:00,337.5,100.0,2024-05-03 16:20:00,340.0,100.0,-229.00,"Bestandsgegenrichtung (FIFO, heuristisch)",
7,Aktie,JD,JD.COM INC-ADR,Aktie,2024-06-28 16:20:00,Zugeteilt,900,27.50,"24,750.00","-1,539.00",0.00,0.00,,"-1,539.00",,Nicht pro Trade isolierbar aus MTM-PDF; nur Klassen-Gesamtwert in EUR vorhanden,OK,,,,,,,,,,ENTRY/Bestandsaufbau
8,Aktie,JD,JD.COM INC-ADR,Aktie,2024-07-12 16:20:00,Zugeteilt,-900,28.00,"-25,200.00","1,215.00",-0.15,0.00,,"1,214.85",,Nicht pro Trade isolierbar aus MTM-PDF; nur Klassen-Gesamtwert in EUR vorhanden,OK,P0003,2024-06-28 16:20:00,27.5,900.0,2024-07-12 16:20:00,28.0,900.0,"1,214.85","Bestandsgegenrichtung (FIFO, heuristisch)",
9,Aktie,NTES,NETEASE INC-ADR,Aktie,2024-04-12 16:20:00,Zugeteilt,300,93.00,"27,900.00",-249.00,0.00,0.00,,-249.00,,Nicht pro Trade isolierbar aus MTM-PDF; nur Klassen-Gesamtwert in EUR vorhanden,OK,,,,,,,,,,ENTRY/Bestandsaufbau
10,Aktie,NTES,NETEASE INC-ADR,Aktie,2024-05-03 16:20:00,Zugeteilt,-300,99.00,"-29,700.00",-858.00,0.00,0.00,,-858.00,,Nicht pro Trade isolierbar aus MTM-PDF; nur Klassen-Gesamtwert in EUR vorhanden,OK,P0004,2024-04-12 16:20:00,93.0,300.0,2024-05-03 16:20:00,99.0,300.0,-858.00,"Bestandsgegenrichtung (FIFO, heuristisch)",
11,Aktie,NTES,NETEASE INC-ADR,Aktie,2024-05-31 16:20:00,Zugeteilt,300,92.00,"27,600.00","-1,107.00",0.00,0.00,,"-1,107.00",,Nicht pro Trade isolierbar aus MTM-PDF; nur Klassen-Gesamtwert in EUR vorhanden,OK,,,,,,,,,,ENTRY/Bestandsaufbau
12,Aktie,NTES,NETEASE INC-ADR,Aktie,2024-06-07 16:20:00,Zugeteilt,-300,92.00,"-27,600.00",-648.00,0.00,0.00,,-648.00,,Nicht pro Trade isolierbar aus MTM-PDF; nur Klassen-Gesamtwert in EUR vorhanden,OK,P0005,2024-05-31 16:20:00,92.0,300.0,2024-06-07 16:20:00,92.0,300.0,-648.00,"Bestandsgegenrichtung (FIFO, heuristisch)",
13,Aktie,NXPI,NXP SEMICONDUCTORS NV,Aktie,2024-04-19 16:20:00,Zugeteilt,100,230.00,"23,000.00","-1,488.00",0.00,0.00,,"-1,488.00",,Nicht pro Trade isolierbar aus MTM-PDF; nur Klassen-Gesamtwert in EUR vorhanden,OK,,,,,,,,,,ENTRY/Bestandsaufbau
14,Aktie,NXPI,NXP SEMICONDUCTORS NV,Aktie,2024-04-26 16:20:00,Zugeteilt,-100,240.00,"-24,000.00",-713.00,0.00,0.00,,-713.00,,Nicht pro Trade isolierbar aus MTM-PDF; nur Klassen-Gesamtwert in EUR vorhanden,OK,P0006,2024-04-19 16:20:00,230.0,100.0,2024-04-26 16:20:00,240.0,100.0,-713.00,"Bestandsgegenrichtung (FIFO, heuristisch)",
15,Aktie,SHEL,SHELL PLC-ADR,Aktie,2024-05-17 16:20:00,Zugeteilt,300,72.00,"21,600.00",-24.00,0.00,0.00,,-24.00,,Nicht pro Trade isolierbar aus MTM-PDF; nur Klassen-Gesamtwert in EUR vorhanden,OK,,,,,,,,,,ENTRY/Bestandsaufbau
16,Aktie,SHEL,SHELL PLC-ADR,Aktie,2024-05-31 16:20:00,Zugeteilt,-300,72.00,"-21,600.00",357.00,0.00,0.00,,357.00,,Nicht pro Trade isolierbar aus MTM-PDF; nur Klassen-Gesamtwert in EUR vorhanden,OK,P0007,2024-05-17 16:20:00,72.0,300.0,2024-05-31 16:20:00,72.0,300.0,357.00,"Bestandsgegenrichtung (FIFO, heuristisch)",
17,Aktie,TSM,TAIWAN SEMICONDUCTOR-SPADR,Aktie,2024-07-19 16:20:00,Zugeteilt,100,172.50,"17,250.00",-673.00,0.00,0.00,,-673.00,,Nicht pro Trade isolierbar aus MTM-PDF; nur Klassen-Gesamtwert in EUR vorhanden,OK,,,,,,,,,,ENTRY/Bestandsaufbau
18,Aktie,TSM,TAIWAN SEMICONDUCTOR-SPADR,Aktie,2024-08-05 09:57:49,Verkauf,-100,142.00,"-14,200.00",-595.00,-1.00,0.00,,-596.00,,Nicht pro Trade isolierbar aus MTM-PDF; nur Klassen-Gesamtwert in EUR vorhanden,OK,P0008,2024-07-19 16:20:00,172.5,100.0,2024-08-05 09:57:49,142.0,100.0,-596.00,"Bestandsgegenrichtung (FIFO, heuristisch)",
19,Option,ACN,,Stillhalter,2024-03-21 10:31:42,Verkauf,-1,0.85,-85.00,-195.00,-1.50,0.00,,-196.50,,Nicht pro Trade isolierbar aus MTM-PDF; nur Klassen-Gesamtwert in EUR vorhanden,OK,,,,,,,,,,ENTRY Short-Option
20,Option,ACN,,Stillhalter,2024-03-22 16:20:00,Zugeteilt,1,-,0.00,750.00,0.00,0.00,,750.00,,Nicht pro Trade isolierbar aus MTM-PDF; nur Klassen-Gesamtwert in EUR vorhanden,OK,P0009,2024-03-21 10:31:42,0.85,1.0,2024-03-22 16:20:00,,1.0,750.00,Exit-Zeile Gesamt-PnL (MTM),
21,Option,ASO,ASO 22MAR24 63 P,Stillhalter,2024-03-21 10:29:33,Verkauf,-4,0.28,-112.00,-103.40,-6.00,0.00,,-109.40,,Nicht pro Trade isolierbar aus MTM-PDF; nur Klassen-Gesamtwert in EUR vorhanden,OK,,,,,,,,,,ENTRY Short-Option
22,Option,ASO,ASO 22MAR24 63 P,Stillhalter,2024-03-22 16:20:00,Verfallen,4,-,0.00,0.00,0.00,0.00,,0.00,,Nicht pro Trade isolierbar aus MTM-PDF; nur Klassen-Gesamtwert in EUR vorhanden,OK,P0010,2024-03-21 10:29:33,0.28,4.0,2024-03-22 16:20:00,,4.0,0.00,Exit-Zeile Gesamt-PnL (MTM),
23,Option,CAR,CAR 19JAN24 160 P,Stillhalter,2024-01-09 10:19:10,Verkauf,-2,1.45,-290.00,105.00,-3.00,0.00,,102.00,,Nicht pro Trade isolierbar aus MTM-PDF; nur Klassen-Gesamtwert in EUR vorhanden,OK,,,,,,,,,,ENTRY Short-Option
24,Option,CAR,CAR 19JAN24 160 P,Stillhalter,2024-01-19 12:29:24,Kauf,2,0.14,28.00,-28.00,-3.00,0.00,,-31.00,,Nicht pro Trade isolierbar aus MTM-PDF; nur Klassen-Gesamtwert in EUR vorhanden,OK,P0011,2024-01-09 10:19:10,1.45,2.0,2024-01-19 12:29:24,0.14,2.0,-31.00,Exit-Zeile Gesamt-PnL (MTM),
25,Option,CMCSA,CMCSA 08MAR24 41 P,Stillhalter,2024-03-04 11:13:58,Verkauf,-6,0.20,-120.00,-12.00,-9.00,0.00,,-21.00,,Nicht pro Trade isolierbar aus MTM-PDF; nur Klassen-Gesamtwert in EUR vorhanden,OK,,,,,,,,,,ENTRY Short-Option
26,Option,CMCSA,CMCSA 08MAR24 41 P,Stillhalter,2024-03-08 11:24:48,Kauf,6,0.01,6.00,-6.00,-9.00,0.00,,-15.00,,Nicht pro Trade isolierbar aus MTM-PDF; nur Klassen-Gesamtwert in EUR vorhanden,OK,P0012,2024-03-04 11:13:58,0.2,6.0,2024-03-08 11:24:48,0.01,6.0,-15.00,Exit-Zeile Gesamt-PnL (MTM),
27,Option,CSCO,CSCO 16FEB24 48 P,Stillhalter,2024-02-15 10:15:41,Kauf,4,0.07,28.00,-13.96,-6.00,0.00,,-19.96,,Nicht pro Trade isolierbar aus MTM-PDF; nur Klassen-Gesamtwert in EUR vorhanden,OK,,,,,,,,,,Kein zuordenbarer ENTRY (Vorperiode oder fehlende Zeile)
28,Option,CSCO,CSCO 16FEB24 48 P,Stillhalter,2024-02-15 10:15:41,Verkauf,-4,0.06,-24.00,9.96,-6.00,0.00,,3.96,,Nicht pro Trade isolierbar aus MTM-PDF; nur Klassen-Gesamtwert in EUR vorhanden,OK,,,,,,,,,,ENTRY Short-Option
29,Option,DD,DD 26JAN24 62 P,Stillhalter,2024-01-24 09:50:30,Verkauf,-1,0.25,-25.00,17.50,-1.50,0.00,,16.00,,Nicht pro Trade isolierbar aus MTM-PDF; nur Klassen-Gesamtwert in EUR vorhanden,OK,,,,,,,,,,ENTRY Short-Option
30,Option,DD,DD 26JAN24 62 P,Stillhalter,2024-01-24 09:50:30,Verkauf,-1,0.25,-25.00,17.50,-1.50,0.00,,16.00,,Nicht pro Trade isolierbar aus MTM-PDF; nur Klassen-Gesamtwert in EUR vorhanden,OK,,,,,,,,,,ENTRY Short-Option
31,Option,DD,DD 26JAN24 62 P,Stillhalter,2024-01-24 09:50:30,Verkauf,-2,0.25,-50.00,35.00,-3.00,0.00,,32.00,,Nicht pro Trade isolierbar aus MTM-PDF; nur Klassen-Gesamtwert in EUR vorhanden,OK,,,,,,,,,,ENTRY Short-Option
32,Option,DD,DD 26JAN24 62 P,Stillhalter,2024-01-26 16:20:00,Verfallen,4,-,0.00,0.00,0.00,0.00,,0.00,,Nicht pro Trade isolierbar aus MTM-PDF; nur Klassen-Gesamtwert in EUR vorhanden,OK,P0013,2024-01-24 09:50:30,0.25,4.0,2024-01-26 16:20:00,,4.0,0.00,Exit-Zeile Gesamt-PnL (MTM),
33,Option,DE,DE 16FEB24 360 P,Stillhalter,2024-02-15 10:19:16,Verkauf,-1,0.85,-85.00,5.00,-1.50,0.00,,3.50,,Nicht pro Trade isolierbar aus MTM-PDF; nur Klassen-Gesamtwert in EUR vorhanden,OK,,,,,,,,,,ENTRY Short-Option
34,Option,DE,DE 16FEB24 360 P,Stillhalter,2024-02-16 14:16:23,Kauf,1,0.08,8.00,-8.00,-1.50,0.00,,-9.50,,Nicht pro Trade isolierbar aus MTM-PDF; nur Klassen-Gesamtwert in EUR vorhanden,OK,P0014,2024-02-15 10:19:16,0.85,1.0,2024-02-16 14:16:23,0.08,1.0,-9.50,Exit-Zeile Gesamt-PnL (MTM),
35,Option,DELL,DELL 24MAY24 134 P,Stillhalter,2024-05-16 10:15:18,Verkauf,-1,1.08,-108.00,15.50,-1.50,0.00,,14.00,,Nicht pro Trade isolierbar aus MTM-PDF; nur Klassen-Gesamtwert in EUR vorhanden,OK,,,,,,,,,,ENTRY Short-Option
36,Option,DELL,DELL 24MAY24 134 P,Stillhalter,2024-05-16 10:15:18,Verkauf,-1,1.08,-108.00,15.50,-1.50,0.00,,14.00,,Nicht pro Trade isolierbar aus MTM-PDF; nur Klassen-Gesamtwert in EUR vorhanden,OK,,,,,,,,,,ENTRY Short-Option
37,Option,DELL,DELL 24MAY24 134 P,Stillhalter,2024-05-23 09:30:10,Kauf,2,0.10,20.00,-11.06,-3.00,0.00,,-14.06,,Nicht pro Trade isolierbar aus MTM-PDF; nur Klassen-Gesamtwert in EUR vorhanden,OK,P0015,2024-05-16 10:15:18,1.08,2.0,2024-05-23 09:30:10,0.1,2.0,-14.06,Exit-Zeile Gesamt-PnL (MTM),
38,Option,DHI,DHI 15MAR24 146 P,Stillhalter,2024-03-11 11:29:10,Verkauf,-1,0.70,-70.00,7.50,-1.50,0.00,,6.00,,Nicht pro Trade isolierbar aus MTM-PDF; nur Klassen-Gesamtwert in EUR vorhanden,OK,,,,,,,,,,ENTRY Short-Option
39,Option,DHI,DHI 15MAR24 146 P,Stillhalter,2024-03-11 11:29:10,Verkauf,-1,0.70,-70.00,7.50,-1.50,0.00,,6.00,,Nicht pro Trade isolierbar aus MTM-PDF; nur Klassen-Gesamtwert in EUR vorhanden,OK,,,,,,,,,,ENTRY Short-Option
40,Option,DHI,DHI 15MAR24 146 P,Stillhalter,2024-03-15 16:20:00,Verfallen,2,-,0.00,0.00,0.00,0.00,,0.00,,Nicht pro Trade isolierbar aus MTM-PDF; nur Klassen-Gesamtwert in EUR vorhanden,OK,P0016,2024-03-11 11:29:10,0.7,2.0,2024-03-15 16:20:00,,2.0,0.00,Exit-Zeile Gesamt-PnL (MTM),
41,Option,DHI,DHI 17MAY24 145 P,Stillhalter,2024-05-08 12:56:41,Verkauf,-1,1.30,-130.00,-22.50,-1.50,0.00,,-24.00,,Nicht pro Trade isolierbar aus MTM-PDF; nur Klassen-Gesamtwert in EUR vorhanden,OK,,,,,,,,,,ENTRY Short-Option
42,Option,DHI,DHI 17MAY24 145 P,Stillhalter,2024-05-08 12:56:41,Verkauf,-1,1.30,-130.00,-22.50,-1.50,0.00,,-24.00,,Nicht pro Trade isolierbar aus MTM-PDF; nur Klassen-Gesamtwert in EUR vorhanden,OK,,,,,,,,,,ENTRY Short-Option
43,Option,DHI,DHI 17MAY24 145 P,Stillhalter,2024-05-15 10:38:08,Kauf,2,0.12,24.00,-5.28,-3.00,0.00,,-8.28,,Nicht pro Trade isolierbar aus MTM-PDF; nur Klassen-Gesamtwert in EUR vorhanden,OK,P0017,2024-05-08 12:56:41,1.3,2.0,2024-05-15 10:38:08,0.12,2.0,-8.28,Exit-Zeile Gesamt-PnL (MTM),
44,Option,DHI,DHI 14JUN24 135 P,Stillhalter,2024-06-11 10:19:49,Verkauf,-1,0.53,-53.00,-2.58,-1.50,0.00,,-4.08,,Nicht pro Trade isolierbar aus MTM-PDF; nur Klassen-Gesamtwert in EUR vorhanden,OK,,,,,,,,,,ENTRY Short-Option
45,Option,DHI,DHI 14JUN24 135 P,Stillhalter,2024-06-11 10:19:49,Verkauf,-1,0.53,-53.00,-2.58,-1.50,0.00,,-4.08,,Nicht pro Trade isolierbar aus MTM-PDF; nur Klassen-Gesamtwert in EUR vorhanden,OK,,,,,,,,,,ENTRY Short-Option
46,Option,DHI,DHI 14JUN24 135 P,Stillhalter,2024-06-13 13:25:57,Kauf,2,0.05,10.00,1.12,-3.00,0.00,,-1.88,,Nicht pro Trade isolierbar aus MTM-PDF; nur Klassen-Gesamtwert in EUR vorhanden,OK,P0018,2024-06-11 10:19:49,0.53,2.0,2024-06-13 13:25:57,0.05,2.0,-1.88,Exit-Zeile Gesamt-PnL (MTM),
47,Option,DHI,DHI 21JUN24 137 P,Stillhalter,2024-06-17 10:24:28,Verkauf,-1,0.77,-77.00,23.52,-1.50,0.00,,22.02,,Nicht pro Trade isolierbar aus MTM-PDF; nur Klassen-Gesamtwert in EUR vorhanden,OK,,,,,,,,,,ENTRY Short-Option
48,Option,DHI,DHI 21JUN24 137 P,Stillhalter,2024-06-17 10:24:28,Verkauf,-1,0.77,-77.00,23.52,-1.50,0.00,,22.02,,Nicht pro Trade isolierbar aus MTM-PDF; nur Klassen-Gesamtwert in EUR vorhanden,OK,,,,,,,,,,ENTRY Short-Option
49,Option,DHI,DHI 21JUN24 137 P,Stillhalter,2024-06-21 10:02:53,Kauf,2,0.07,14.00,-14.00,-3.00,0.00,,-17.00,,Nicht pro Trade isolierbar aus MTM-PDF; nur Klassen-Gesamtwert in EUR vorhanden,OK,P0019,2024-06-17 10:24:28,0.77,2.0,2024-06-21 10:02:53,0.07,2.0,-17.00,Exit-Zeile Gesamt-PnL (MTM),
50,Option,FCX,FCX 29DEC23 44 C,Stillhalter,2023-12-29 16:20:00,Verfallen,7,-,0.00,0.00,0.00,0.00,,0.00,,Nicht pro Trade isolierbar aus MTM-PDF; nur Klassen-Gesamtwert in EUR vorhanden,OK,,,,,,,,,,Kein zuordenbarer ENTRY (Vorperiode oder fehlende Zeile)
51,Option,FCX,FCX 05JAN24 43 C,Stillhalter,2024-01-02 09:46:46,Verkauf,-4,0.27,-108.00,32.00,-6.00,0.00,,26.00,,Nicht pro Trade isolierbar aus MTM-PDF; nur Klassen-Gesamtwert in EUR vorhanden,OK,,,,,,,,,,ENTRY Short-Option
52,Option,FCX,FCX 05JAN24 43 C,Stillhalter,2024-01-02 09:46:46,Verkauf,-3,0.27,-81.00,24.00,-4.50,0.00,,19.50,,Nicht pro Trade isolierbar aus MTM-PDF; nur Klassen-Gesamtwert in EUR vorhanden,OK,,,,,,,,,,ENTRY Short-Option
53,Option,FCX,FCX 05JAN24 43 C,Stillhalter,2024-01-05 16:20:00,Verfallen,7,-,0.00,0.00,0.00,0.00,,0.00,,Nicht pro Trade isolierbar aus MTM-PDF; nur Klassen-Gesamtwert in EUR vorhanden,OK,P0020,2024-01-02 09:46:46,0.27,7.0,2024-01-05 16:20:00,,7.0,0.00,Exit-Zeile Gesamt-PnL (MTM),
54,Option,FCX,FCX 12JAN24 42.5 C,Stillhalter,2024-01-08 10:53:37,Verkauf,-7,0.33,-231.00,-42.00,-10.50,0.00,,-52.50,,Nicht pro Trade isolierbar aus MTM-PDF; nur Klassen-Gesamtwert in EUR vorhanden,OK,,,,,,,,,,ENTRY Short-Option
55,Option,FCX,FCX 12JAN24 42.5 C,Stillhalter,2024-01-12 16:20:00,Verfallen,7,-,0.00,0.00,0.00,0.00,,0.00,,Nicht pro Trade isolierbar aus MTM-PDF; nur Klassen-Gesamtwert in EUR vorhanden,OK,P0021,2024-01-08 10:53:37,0.33,7.0,2024-01-12 16:20:00,,7.0,0.00,Exit-Zeile Gesamt-PnL (MTM),
56,Option,FCX,FCX 08MAR24 41.5 C,Stillhalter,2024-03-07 11:50:00,Verkauf,-2,0.07,-14.00,6.00,-3.00,0.00,,3.00,,Nicht pro Trade isolierbar aus MTM-PDF; nur Klassen-Gesamtwert in EUR vorhanden,OK,,,,,,,,,,ENTRY Short-Option
57,Option,FCX,FCX 08MAR24 41.5 C,Stillhalter,2024-03-07 11:50:00,Verkauf,-5,0.07,-35.00,15.00,-7.50,0.00,,7.50,,Nicht pro Trade isolierbar aus MTM-PDF; nur Klassen-Gesamtwert in EUR vorhanden,OK,,,,,,,,,,ENTRY Short-Option
58,Option,FCX,FCX 08MAR24 41.5 C,Stillhalter,2024-03-08 16:20:00,Verfallen,7,-,0.00,0.00,0.00,0.00,,0.00,,Nicht pro Trade isolierbar aus MTM-PDF; nur Klassen-Gesamtwert in EUR vorhanden,OK,P0022,2024-03-07 11:50:00,0.07,7.0,2024-03-08 16:20:00,,7.0,0.00,Exit-Zeile Gesamt-PnL (MTM),
59,Option,FCX,FCX 22MAR24 42.5 C,Stillhalter,2024-03-13 10:25:56,Verkauf,-7,0.95,-665.00,-415.10,-10.50,0.00,,-425.60,,Nicht pro Trade isolierbar aus MTM-PDF; nur Klassen-Gesamtwert in EUR vorhanden,OK,,,,,,,,,,ENTRY Short-Option
60,Option,FCX,FCX 22MAR24 42.5 C,Stillhalter,2024-03-22 16:20:00,Zugeteilt,7,-,0.00,"1,820.00",0.00,0.00,,"1,820.00",,Nicht pro Trade isolierbar aus MTM-PDF; nur Klassen-Gesamtwert in EUR vorhanden,OK,P0023,2024-03-13 10:25:56,0.95,7.0,2024-03-22 16:20:00,,7.0,"1,820.00",Exit-Zeile Gesamt-PnL (MTM),
61,Option,GEHC,GEHC 03MAY24 77 P,Stillhalter,2024-04-30 10:18:09,Verkauf,-1,0.33,-33.00,-105.29,-1.50,0.00,,-106.79,,Nicht pro Trade isolierbar aus MTM-PDF; nur Klassen-Gesamtwert in EUR vorhanden,OK,,,,,,,,,,ENTRY Short-Option
62,Option,GEHC,GEHC 03MAY24 77 P,Stillhalter,2024-04-30 10:18:09,Verkauf,-1,0.33,-33.00,-105.29,-1.50,0.00,,-106.79,,Nicht pro Trade isolierbar aus MTM-PDF; nur Klassen-Gesamtwert in EUR vorhanden,OK,,,,,,,,,,ENTRY Short-Option
63,Option,GEHC,GEHC 03MAY24 77 P,Stillhalter,2024-04-30 10:18:09,Verkauf,-1,0.33,-33.00,-105.29,-1.50,0.00,,-106.79,,Nicht pro Trade isolierbar aus MTM-PDF; nur Klassen-Gesamtwert in EUR vorhanden,OK,,,,,,,,,,ENTRY Short-Option
64,Option,GEHC,GEHC 03MAY24 77 P,Stillhalter,2024-05-03 16:20:00,Verfallen,3,-,0.00,0.00,0.00,0.00,,0.00,,Nicht pro Trade isolierbar aus MTM-PDF; nur Klassen-Gesamtwert in EUR vorhanden,OK,P0024,2024-04-30 10:18:09,0.33,3.0,2024-05-03 16:20:00,,3.0,0.00,Exit-Zeile Gesamt-PnL (MTM),
65,Option,HAL,HAL 29DEC23 37.5 C,Stillhalter,2023-12-29 16:20:00,Verfallen,7,-,0.00,0.00,0.00,0.00,,0.00,,Nicht pro Trade isolierbar aus MTM-PDF; nur Klassen-Gesamtwert in EUR vorhanden,OK,,,,,,,,,,Kein zuordenbarer ENTRY (Vorperiode oder fehlende Zeile)
66,Option,HAL,HAL 05JAN24 37.5 C,Stillhalter,2024-01-02 09:45:40,Verkauf,-7,0.13,-91.00,52.50,-10.50,0.00,,42.00,,Nicht pro Trade isolierbar aus MTM-PDF; nur Klassen-Gesamtwert in EUR vorhanden,OK,,,,,,,,,,ENTRY Short-Option
67,Option,HAL,HAL 05JAN24 37.5 C,Stillhalter,2024-01-05 16:20:00,Verfallen,7,-,0.00,0.00,0.00,0.00,,0.00,,Nicht pro Trade isolierbar aus MTM-PDF; nur Klassen-Gesamtwert in EUR vorhanden,OK,P0025,2024-01-02 09:45:40,0.13,7.0,2024-01-05 16:20:00,,7.0,0.00,Exit-Zeile Gesamt-PnL (MTM),
68,Option,HAL,HAL 26JAN24 36 C,Stillhalter,2024-01-22 09:45:00,Verkauf,-1,0.15,-15.00,0.00,-1.50,0.00,,-1.50,,Nicht pro Trade isolierbar aus MTM-PDF; nur Klassen-Gesamtwert in EUR vorhanden,OK,,,,,,,,,,ENTRY Short-Option
69,Option,HAL,HAL 26JAN24 36 C,Stillhalter,2024-01-22 09:45:00,Verkauf,-3,0.15,-45.00,0.00,-4.50,0.00,,-4.50,,Nicht pro Trade isolierbar aus MTM-PDF; nur Klassen-Gesamtwert in EUR vorhanden,OK,,,,,,,,,,ENTRY Short-Option
70,Option,HAL,HAL 26JAN24 36 C,Stillhalter,2024-01-22 09:45:00,Verkauf,-1,0.15,-15.00,0.00,-1.50,0.00,,-1.50,,Nicht pro Trade isolierbar aus MTM-PDF; nur Klassen-Gesamtwert in EUR vorhanden,OK,,,,,,,,,,ENTRY Short-Option
71,Option,HAL,HAL 26JAN24 36 C,Stillhalter,2024-01-22 09:45:00,Verkauf,-2,0.15,-30.00,0.00,-3.00,0.00,,-3.00,,Nicht pro Trade isolierbar aus MTM-PDF; nur Klassen-Gesamtwert in EUR vorhanden,OK,,,,,,,,,,ENTRY Short-Option
72,Option,HAL,HAL 26JAN24 36 C,Stillhalter,2024-01-26 16:20:00,Zugeteilt,7,-,0.00,"1,071.00",0.00,0.00,,"1,071.00",,Nicht pro Trade isolierbar aus MTM-PDF; nur Klassen-Gesamtwert in EUR vorhanden,OK,P0026,2024-01-22 09:45:00,0.15,7.0,2024-01-26 16:20:00,,7.0,"1,071.00",Exit-Zeile Gesamt-PnL (MTM),
73,Option,HD,HD 19APR24 337.5 P,Stillhalter,2024-04-12 10:19:09,Verkauf,-1,2.29,-229.00,17.50,-1.50,0.00,,16.00,,Nicht pro Trade isolierbar aus MTM-PDF; nur Klassen-Gesamtwert in EUR vorhanden,OK,,,,,,,,,,ENTRY Short-Option
74,Option,HD,HD 19APR24 337.5 P,Stillhalter,2024-04-19 16:20:00,Zugeteilt,1,-,0.00,214.00,0.00,0.00,,214.00,,Nicht pro Trade isolierbar aus MTM-PDF; nur Klassen-Gesamtwert in EUR vorhanden,OK,P0027,2024-04-12 10:19:09,2.29,1.0,2024-04-19 16:20:00,,1.0,214.00,Exit-Zeile Gesamt-PnL (MTM),
75,Option,HD,HD 26APR24 340 C,Stillhalter,2024-04-22 14:13:29,Verkauf,-1,2.24,-224.00,58.50,-1.50,0.00,,57.00,,Nicht pro Trade isolierbar aus MTM-PDF; nur Klassen-Gesamtwert in EUR vorhanden,OK,,,,,,,,,,ENTRY Short-Option
76,Option,HD,HD 26APR24 340 C,Stillhalter,2024-04-26 16:20:00,Verfallen,1,-,0.00,0.00,0.00,0.00,,0.00,,Nicht pro Trade isolierbar aus MTM-PDF; nur Klassen-Gesamtwert in EUR vorhanden,OK,P0028,2024-04-22 14:13:29,2.24,1.0,2024-04-26 16:20:00,,1.0,0.00,Exit-Zeile Gesamt-PnL (MTM),
77,Option,HD,HD 03MAY24 340 C,Stillhalter,2024-04-29 09:34:02,Verkauf,-1,1.72,-172.00,-26.50,-1.50,0.00,,-28.00,,Nicht pro Trade isolierbar aus MTM-PDF; nur Klassen-Gesamtwert in EUR vorhanden,OK,,,,,,,,,,ENTRY Short-Option
78,Option,HD,HD 03MAY24 340 C,Stillhalter,2024-05-03 16:20:00,Zugeteilt,1,-,0.00,285.00,0.00,0.00,,285.00,,Nicht pro Trade isolierbar aus MTM-PDF; nur Klassen-Gesamtwert in EUR vorhanden,OK,P0029,2024-04-29 09:34:02,1.72,1.0,2024-05-03 16:20:00,,1.0,285.00,Exit-Zeile Gesamt-PnL (MTM),
79,Option,HES,HES 01MAR24 138 P,Stillhalter,2024-02-27 11:08:09,Verkauf,-2,0.74,-148.00,36.78,-3.00,0.00,,33.78,,Nicht pro Trade isolierbar aus MTM-PDF; nur Klassen-Gesamtwert in EUR vorhanden,OK,,,,,,,,,,ENTRY Short-Option
80,Option,HES,HES 01MAR24 138 P,Stillhalter,2024-03-01 09:35:33,Kauf,2,0.07,14.00,-14.00,-3.00,0.00,,-17.00,,Nicht pro Trade isolierbar aus MTM-PDF; nur Klassen-Gesamtwert in EUR vorhanden,OK,P0030,2024-02-27 11:08:09,0.74,2.0,2024-03-01 09:35:33,0.07,2.0,-17.00,Exit-Zeile Gesamt-PnL (MTM),
81,Option,INTC,INTC 21JUN24 29.5 P,Stillhalter,2024-06-13 09:44:24,Verkauf,-8,0.27,-216.00,64.00,-12.00,0.00,,52.00,,Nicht pro Trade isolierbar aus MTM-PDF; nur Klassen-Gesamtwert in EUR vorhanden,OK,,,,,,,,,,ENTRY Short-Option
82,Option,INTC,INTC 21JUN24 29.5 P,Stillhalter,2024-06-20 09:48:19,Kauf,6,0.02,12.00,-3.00,-9.00,0.00,,-12.00,,Nicht pro Trade isolierbar aus MTM-PDF; nur Klassen-Gesamtwert in EUR vorhanden,OK,P0031,2024-06-13 09:44:24,0.27,6.0,2024-06-20 09:48:19,0.02,6.0,-12.00,Exit-Zeile Gesamt-PnL (MTM),
83,Option,INTC,INTC 21JUN24 29.5 P,Stillhalter,2024-06-20 09:49:18,Kauf,2,0.02,4.00,-1.00,-3.00,0.00,,-4.00,,Nicht pro Trade isolierbar aus MTM-PDF; nur Klassen-Gesamtwert in EUR vorhanden,OK,P0032,2024-06-13 09:44:24,0.27,2.0,2024-06-20 09:49:18,0.02,2.0,-4.00,Exit-Zeile Gesamt-PnL (MTM),
84,Option,JD,JD 28JUN24 27.5 P,Stillhalter,2024-06-20 11:56:20,Verkauf,-9,0.22,-198.00,21.96,-13.50,0.00,,8.46,,Nicht pro Trade isolierbar aus MTM-PDF; nur Klassen-Gesamtwert in EUR vorhanden,OK,,,,,,,,,,ENTRY Short-Option
85,Option,JD,JD 28JUN24 27.5 P,Stillhalter,2024-06-28 16:20:00,Zugeteilt,9,-,0.00,"1,494.00",0.00,0.00,,"1,494.00",,Nicht pro Trade isolierbar aus MTM-PDF; nur Klassen-Gesamtwert in EUR vorhanden,OK,P0033,2024-06-20 11:56:20,0.22,9.0,2024-06-28 16:20:00,,9.0,"1,494.00",Exit-Zeile Gesamt-PnL (MTM),
86,Option,JD,JD 12JUL24 28 C,Stillhalter,2024-07-09 13:54:55,Verkauf,-1,0.15,-15.00,4.50,-1.50,0.00,,3.00,,Nicht pro Trade isolierbar aus MTM-PDF; nur Klassen-Gesamtwert in EUR vorhanden,OK,,,,,,,,,,ENTRY Short-Option
87,Option,JD,JD 12JUL24 28 C,Stillhalter,2024-07-09 13:54:55,Verkauf,-1,0.15,-15.00,4.50,-1.50,0.00,,3.00,,Nicht pro Trade isolierbar aus MTM-PDF; nur Klassen-Gesamtwert in EUR vorhanden,OK,,,,,,,,,,ENTRY Short-Option
88,Option,JD,JD 12JUL24 28 C,Stillhalter,2024-07-09 13:54:55,Verkauf,-5,0.15,-75.00,22.50,-7.50,0.00,,15.00,,Nicht pro Trade isolierbar aus MTM-PDF; nur Klassen-Gesamtwert in EUR vorhanden,OK,,,,,,,,,,ENTRY Short-Option
89,Option,JD,JD 12JUL24 28 C,Stillhalter,2024-07-09 13:54:55,Verkauf,-1,0.15,-15.00,4.50,-1.50,0.00,,3.00,,Nicht pro Trade isolierbar aus MTM-PDF; nur Klassen-Gesamtwert in EUR vorhanden,OK,,,,,,,,,,ENTRY Short-Option
90,Option,JD,JD 12JUL24 28 C,Stillhalter,2024-07-09 13:54:55,Verkauf,-1,0.15,-15.00,4.50,-1.50,0.00,,3.00,,Nicht pro Trade isolierbar aus MTM-PDF; nur Klassen-Gesamtwert in EUR vorhanden,OK,,,,,,,,,,ENTRY Short-Option
91,Option,JD,JD 12JUL24 28 C,Stillhalter,2024-07-12 16:20:00,Zugeteilt,9,-,0.00,135.00,0.00,0.00,,135.00,,Nicht pro Trade isolierbar aus MTM-PDF; nur Klassen-Gesamtwert in EUR vorhanden,OK,P0034,2024-07-09 13:54:55,0.15,9.0,2024-07-12 16:20:00,,9.0,135.00,Exit-Zeile Gesamt-PnL (MTM),
92,Option,LEN,LEN 17MAY24 155 P,Stillhalter,2024-05-08 12:52:33,Verkauf,-1,1.45,-145.00,-10.00,-1.50,0.00,,-11.50,,Nicht pro Trade isolierbar aus MTM-PDF; nur Klassen-Gesamtwert in EUR vorhanden,OK,,,,,,,,,,ENTRY Short-Option
93,Option,LEN,LEN 17MAY24 155 P,Stillhalter,2024-05-08 12:52:33,Verkauf,-1,1.45,-145.00,-10.00,-1.50,0.00,,-11.50,,Nicht pro Trade isolierbar aus MTM-PDF; nur Klassen-Gesamtwert in EUR vorhanden,OK,,,,,,,,,,ENTRY Short-Option
94,Option,LEN,LEN 17MAY24 155 P,Stillhalter,2024-05-15 10:18:02,Kauf,2,0.14,28.00,-10.82,-3.00,0.00,,-13.82,,Nicht pro Trade isolierbar aus MTM-PDF; nur Klassen-Gesamtwert in EUR vorhanden,OK,P0035,2024-05-08 12:52:33,1.45,2.0,2024-05-15 10:18:02,0.14,2.0,-13.82,Exit-Zeile Gesamt-PnL (MTM),
95,Option,MRO,MRO 02FEB24 22 P,Stillhalter,2024-01-29 09:49:49,Verkauf,-8,0.10,-80.00,40.00,-12.00,0.00,,28.00,,Nicht pro Trade isolierbar aus MTM-PDF; nur Klassen-Gesamtwert in EUR vorhanden,OK,,,,,,,,,,ENTRY Short-Option
96,Option,MRO,MRO 02FEB24 22 P,Stillhalter,2024-01-29 09:49:49,Verkauf,-1,0.10,-10.00,5.00,-1.50,0.00,,3.50,,Nicht pro Trade isolierbar aus MTM-PDF; nur Klassen-Gesamtwert in EUR vorhanden,OK,,,,,,,,,,ENTRY Short-Option
97,Option,MRO,MRO 02FEB24 22 P,Stillhalter,2024-01-29 09:49:49,Verkauf,-1,0.10,-10.00,5.00,-1.50,0.00,,3.50,,Nicht pro Trade isolierbar aus MTM-PDF; nur Klassen-Gesamtwert in EUR vorhanden,OK,,,,,,,,,,ENTRY Short-Option
98,Option,MRO,MRO 02FEB24 22 P,Stillhalter,2024-01-29 09:49:49,Verkauf,-1,0.10,-10.00,5.00,-1.50,0.00,,3.50,,Nicht pro Trade isolierbar aus MTM-PDF; nur Klassen-Gesamtwert in EUR vorhanden,OK,,,,,,,,,,ENTRY Short-Option
99,Option,MRO,MRO 02FEB24 22 P,Stillhalter,2024-02-02 11:08:54,Kauf,11,0.01,11.00,-11.00,-16.50,0.00,,-27.50,,Nicht pro Trade isolierbar aus MTM-PDF; nur Klassen-Gesamtwert in EUR vorhanden,OK,P0036,2024-01-29 09:49:49,0.1,11.0,2024-02-02 11:08:54,0.01,11.0,-27.50,Exit-Zeile Gesamt-PnL (MTM),
100,Option,MRO,MRO 16FEB24 21.5 P,Stillhalter,2024-02-05 11:18:28,Verkauf,-1,0.26,-26.00,2.50,-1.50,0.00,,1.00,,Nicht pro Trade isolierbar aus MTM-PDF; nur Klassen-Gesamtwert in EUR vorhanden,OK,,,,,,,,,,ENTRY Short-Option
101,Option,MRO,MRO 16FEB24 21.5 P,Stillhalter,2024-02-05 11:18:28,Verkauf,-4,0.26,-104.00,10.00,-6.00,0.00,,4.00,,Nicht pro Trade isolierbar aus MTM-PDF; nur Klassen-Gesamtwert in EUR vorhanden,OK,,,,,,,,,,ENTRY Short-Option
102,Option,MRO,MRO 16FEB24 21.5 P,Stillhalter,2024-02-05 11:18:28,Verkauf,-6,0.26,-156.00,15.00,-9.00,0.00,,6.00,,Nicht pro Trade isolierbar aus MTM-PDF; nur Klassen-Gesamtwert in EUR vorhanden,OK,,,,,,,,,,ENTRY Short-Option
103,Option,MRO,MRO 16FEB24 21.5 P,Stillhalter,2024-02-12 10:05:29,Kauf,11,0.03,33.00,5.50,-16.50,0.00,,-11.00,,Nicht pro Trade isolierbar aus MTM-PDF; nur Klassen-Gesamtwert in EUR vorhanden,OK,P0037,2024-02-05 11:18:28,0.26,11.0,2024-02-12 10:05:29,0.03,11.0,-11.00,Exit-Zeile Gesamt-PnL (MTM),
104,Option,MSFT,MSFT 02AUG24 405 P,Stillhalter,2024-07-31 11:28:09,Verkauf,-1,1.07,-107.00,22.36,-1.50,0.00,,20.86,,Nicht pro Trade isolierbar aus MTM-PDF; nur Klassen-Gesamtwert in EUR vorhanden,OK,,,,,,,,,,ENTRY Short-Option
105,Option,MSFT,MSFT 02AUG24 405 P,Stillhalter,2024-08-02 15:28:18,Kauf,1,0.10,10.00,-10.00,-1.50,0.00,,-11.50,,Nicht pro Trade isolierbar aus MTM-PDF; nur Klassen-Gesamtwert in EUR vorhanden,OK,P0038,2024-07-31 11:28:09,1.07,1.0,2024-08-02 15:28:18,0.1,1.0,-11.50,Exit-Zeile Gesamt-PnL (MTM),
106,Option,NTES,NTES 26JAN24 85 P,Stillhalter,2024-01-22 09:42:27,Verkauf,-3,0.35,-105.00,30.00,-4.50,0.00,,25.50,,Nicht pro Trade isolierbar aus MTM-PDF; nur Klassen-Gesamtwert in EUR vorhanden,OK,,,,,,,,,,ENTRY Short-Option
107,Option,NTES,NTES 26JAN24 85 P,Stillhalter,2024-01-26 16:20:00,Verfallen,3,-,0.00,0.00,0.00,0.00,,0.00,,Nicht pro Trade isolierbar aus MTM-PDF; nur Klassen-Gesamtwert in EUR vorhanden,OK,P0039,2024-01-22 09:42:27,0.35,3.0,2024-01-26 16:20:00,,3.0,0.00,Exit-Zeile Gesamt-PnL (MTM),
108,Option,NTES,NTES 12APR24 93 P,Stillhalter,2024-04-02 10:01:10,Verkauf,-2,0.97,-194.00,-6.00,-3.00,0.00,,-9.00,,Nicht pro Trade isolierbar aus MTM-PDF; nur Klassen-Gesamtwert in EUR vorhanden,OK,,,,,,,,,,ENTRY Short-Option
109,Option,NTES,NTES 12APR24 93 P,Stillhalter,2024-04-02 10:01:10,Verkauf,-1,0.97,-97.00,-3.00,-1.50,0.00,,-4.50,,Nicht pro Trade isolierbar aus MTM-PDF; nur Klassen-Gesamtwert in EUR vorhanden,OK,,,,,,,,,,ENTRY Short-Option
110,Option,NTES,NTES 12APR24 93 P,Stillhalter,2024-04-12 16:20:00,Zugeteilt,3,-,0.00,255.00,0.00,0.00,,255.00,,Nicht pro Trade isolierbar aus MTM-PDF; nur Klassen-Gesamtwert in EUR vorhanden,OK,P0040,2024-04-02 10:01:10,0.97,3.0,2024-04-12 16:20:00,,3.0,255.00,Exit-Zeile Gesamt-PnL (MTM),
111,Option,NTES,NTES 19APR24 95 C,Stillhalter,2024-04-15 09:34:49,Verkauf,-3,1.00,-300.00,105.00,-4.50,0.00,,100.50,,Nicht pro Trade isolierbar aus MTM-PDF; nur Klassen-Gesamtwert in EUR vorhanden,OK,,,,,,,,,,ENTRY Short-Option
112,Option,NTES,NTES 19APR24 95 C,Stillhalter,2024-04-19 16:20:00,Verfallen,3,-,0.00,0.00,0.00,0.00,,0.00,,Nicht pro Trade isolierbar aus MTM-PDF; nur Klassen-Gesamtwert in EUR vorhanden,OK,P0041,2024-04-15 09:34:49,1.0,3.0,2024-04-19 16:20:00,,3.0,0.00,Exit-Zeile Gesamt-PnL (MTM),
113,Option,NTES,NTES 26APR24 96 C,Stillhalter,2024-04-22 14:14:43,Verkauf,-3,1.39,-417.00,57.00,-4.50,0.00,,52.50,,Nicht pro Trade isolierbar aus MTM-PDF; nur Klassen-Gesamtwert in EUR vorhanden,OK,,,,,,,,,,ENTRY Short-Option
114,Option,NTES,NTES 26APR24 96 C,Stillhalter,2024-04-26 16:20:00,Verfallen,3,-,0.00,0.00,0.00,0.00,,0.00,,Nicht pro Trade isolierbar aus MTM-PDF; nur Klassen-Gesamtwert in EUR vorhanden,OK,P0042,2024-04-22 14:14:43,1.39,3.0,2024-04-26 16:20:00,,3.0,0.00,Exit-Zeile Gesamt-PnL (MTM),
115,Option,NTES,NTES 03MAY24 99 C,Stillhalter,2024-04-29 09:35:14,Verkauf,-1,0.81,-81.00,8.50,-1.50,0.00,,7.00,,Nicht pro Trade isolierbar aus MTM-PDF; nur Klassen-Gesamtwert in EUR vorhanden,OK,,,,,,,,,,ENTRY Short-Option
116,Option,NTES,NTES 03MAY24 99 C,Stillhalter,2024-04-29 09:35:14,Verkauf,-2,0.81,-162.00,17.00,-3.00,0.00,,14.00,,Nicht pro Trade isolierbar aus MTM-PDF; nur Klassen-Gesamtwert in EUR vorhanden,OK,,,,,,,,,,ENTRY Short-Option
117,Option,NTES,NTES 03MAY24 99 C,Stillhalter,2024-05-03 16:20:00,Zugeteilt,3,-,0.00,"1,206.00",0.00,0.00,,"1,206.00",,Nicht pro Trade isolierbar aus MTM-PDF; nur Klassen-Gesamtwert in EUR vorhanden,OK,P0043,2024-04-29 09:35:14,0.81,3.0,2024-05-03 16:20:00,,3.0,"1,206.00",Exit-Zeile Gesamt-PnL (MTM),
118,Option,NTES,NTES 17MAY24 92 P,Stillhalter,2024-05-08 13:20:42,Verkauf,-1,1.00,-100.00,15.00,-1.50,0.00,,13.50,,Nicht pro Trade isolierbar aus MTM-PDF; nur Klassen-Gesamtwert in EUR vorhanden,OK,,,,,,,,,,ENTRY Short-Option
119,Option,NTES,NTES 17MAY24 92 P,Stillhalter,2024-05-08 13:20:42,Verkauf,-2,1.00,-200.00,30.00,-3.00,0.00,,27.00,,Nicht pro Trade isolierbar aus MTM-PDF; nur Klassen-Gesamtwert in EUR vorhanden,OK,,,,,,,,,,ENTRY Short-Option
120,Option,NTES,NTES 17MAY24 92 P,Stillhalter,2024-05-16 10:28:24,Kauf,3,0.09,27.00,-7.74,-4.50,0.00,,-12.24,,Nicht pro Trade isolierbar aus MTM-PDF; nur Klassen-Gesamtwert in EUR vorhanden,OK,P0044,2024-05-08 13:20:42,1.0,3.0,2024-05-16 10:28:24,0.09,3.0,-12.24,Exit-Zeile Gesamt-PnL (MTM),
121,Option,NTES,NTES 31MAY24 92 P,Stillhalter,2024-05-23 10:57:38,Verkauf,-1,0.80,-80.00,-17.50,-1.50,0.00,,-19.00,,Nicht pro Trade isolierbar aus MTM-PDF; nur Klassen-Gesamtwert in EUR vorhanden,OK,,,,,,,,,,ENTRY Short-Option
122,Option,NTES,NTES 31MAY24 92 P,Stillhalter,2024-05-23 10:57:38,Verkauf,-1,0.80,-80.00,-17.50,-1.50,0.00,,-19.00,,Nicht pro Trade isolierbar aus MTM-PDF; nur Klassen-Gesamtwert in EUR vorhanden,OK,,,,,,,,,,ENTRY Short-Option
123,Option,NTES,NTES 31MAY24 92 P,Stillhalter,2024-05-23 10:57:38,Verkauf,-1,0.80,-80.00,-17.50,-1.50,0.00,,-19.00,,Nicht pro Trade isolierbar aus MTM-PDF; nur Klassen-Gesamtwert in EUR vorhanden,OK,,,,,,,,,,ENTRY Short-Option
124,Option,NTES,NTES 31MAY24 92 P,Stillhalter,2024-05-31 16:20:00,Zugeteilt,3,-,0.00,891.00,0.00,0.00,,891.00,,Nicht pro Trade isolierbar aus MTM-PDF; nur Klassen-Gesamtwert in EUR vorhanden,OK,P0045,2024-05-23 10:57:38,0.8,3.0,2024-05-31 16:20:00,,3.0,891.00,Exit-Zeile Gesamt-PnL (MTM),
125,Option,NTES,NTES 07JUN24 92 C,Stillhalter,2024-06-03 09:37:32,Verkauf,-2,0.57,-114.00,49.00,-3.00,0.00,,46.00,,Nicht pro Trade isolierbar aus MTM-PDF; nur Klassen-Gesamtwert in EUR vorhanden,OK,,,,,,,,,,ENTRY Short-Option
126,Option,NTES,NTES 07JUN24 92 C,Stillhalter,2024-06-03 09:37:32,Verkauf,-1,0.57,-57.00,24.50,-1.50,0.00,,23.00,,Nicht pro Trade isolierbar aus MTM-PDF; nur Klassen-Gesamtwert in EUR vorhanden,OK,,,,,,,,,,ENTRY Short-Option
127,Option,NTES,NTES 07JUN24 92 C,Stillhalter,2024-06-07 16:20:00,Zugeteilt,3,-,0.00,570.00,0.00,0.00,,570.00,,Nicht pro Trade isolierbar aus MTM-PDF; nur Klassen-Gesamtwert in EUR vorhanden,OK,P0046,2024-06-03 09:37:32,0.57,3.0,2024-06-07 16:20:00,,3.0,570.00,Exit-Zeile Gesamt-PnL (MTM),
128,Option,NTES,NTES 28JUN24 88 P,Stillhalter,2024-06-18 10:23:07,Verkauf,-1,0.96,-96.00,3.50,-1.50,0.00,,2.00,,Nicht pro Trade isolierbar aus MTM-PDF; nur Klassen-Gesamtwert in EUR vorhanden,OK,,,,,,,,,,ENTRY Short-Option
129,Option,NTES,NTES 28JUN24 88 P,Stillhalter,2024-06-18 10:23:07,Verkauf,-2,0.96,-192.00,7.00,-3.00,0.00,,4.00,,Nicht pro Trade isolierbar aus MTM-PDF; nur Klassen-Gesamtwert in EUR vorhanden,OK,,,,,,,,,,ENTRY Short-Option
130,Option,NTES,NTES 28JUN24 88 P,Stillhalter,2024-06-28 10:08:58,Kauf,3,0.09,27.00,-27.00,-4.50,0.00,,-31.50,,Nicht pro Trade isolierbar aus MTM-PDF; nur Klassen-Gesamtwert in EUR vorhanden,OK,P0047,2024-06-18 10:23:07,0.96,3.0,2024-06-28 10:08:58,0.09,3.0,-31.50,Exit-Zeile Gesamt-PnL (MTM),
131,Option,NTES,NTES 26JUL24 89 P,Stillhalter,2024-07-16 13:09:02,Verkauf,-2,0.98,-196.00,6.00,-3.00,0.00,,3.00,,Nicht pro Trade isolierbar aus MTM-PDF; nur Klassen-Gesamtwert in EUR vorhanden,OK,,,,,,,,,,ENTRY Short-Option
132,Option,NTES,NTES 26JUL24 89 P,Stillhalter,2024-07-16 13:09:02,Verkauf,-1,0.98,-98.00,3.00,-1.50,0.00,,1.50,,Nicht pro Trade isolierbar aus MTM-PDF; nur Klassen-Gesamtwert in EUR vorhanden,OK,,,,,,,,,,ENTRY Short-Option
133,Option,NTES,NTES 26JUL24 89 P,Stillhalter,2024-07-26 10:00:41,Kauf,3,0.09,27.00,-27.00,-4.50,0.00,,-31.50,,Nicht pro Trade isolierbar aus MTM-PDF; nur Klassen-Gesamtwert in EUR vorhanden,OK,P0048,2024-07-16 13:09:02,0.98,3.0,2024-07-26 10:00:41,0.09,3.0,-31.50,Exit-Zeile Gesamt-PnL (MTM),
134,Option,NTES,NTES 02AUG24 89 P,Stillhalter,2024-07-26 13:16:57,Verkauf,-1,0.67,-67.00,-0.50,-1.50,0.00,,-2.00,,Nicht pro Trade isolierbar aus MTM-PDF; nur Klassen-Gesamtwert in EUR vorhanden,OK,,,,,,,,,,ENTRY Short-Option
135,Option,NTES,NTES 02AUG24 89 P,Stillhalter,2024-07-26 13:16:57,Verkauf,-2,0.67,-134.00,-1.00,-3.00,0.00,,-4.00,,Nicht pro Trade isolierbar aus MTM-PDF; nur Klassen-Gesamtwert in EUR vorhanden,OK,,,,,,,,,,ENTRY Short-Option
136,Option,NTES,NTES 02AUG24 89 P,Stillhalter,2024-08-02 14:27:34,Kauf,3,0.06,18.00,-18.00,-4.50,0.00,,-22.50,,Nicht pro Trade isolierbar aus MTM-PDF; nur Klassen-Gesamtwert in EUR vorhanden,OK,P0049,2024-07-26 13:16:57,0.67,3.0,2024-08-02 14:27:34,0.06,3.0,-22.50,Exit-Zeile Gesamt-PnL (MTM),
137,Option,NXPI,NXPI 19APR24 230 P,Stillhalter,2024-04-12 10:14:36,Verkauf,-1,1.85,-185.00,-90.00,-1.50,0.00,,-91.50,,Nicht pro Trade isolierbar aus MTM-PDF; nur Klassen-Gesamtwert in EUR vorhanden,OK,,,,,,,,,,ENTRY Short-Option
138,Option,NXPI,NXPI 19APR24 230 P,Stillhalter,2024-04-19 16:20:00,Zugeteilt,1,-,0.00,"1,488.00",0.00,0.00,,"1,488.00",,Nicht pro Trade isolierbar aus MTM-PDF; nur Klassen-Gesamtwert in EUR vorhanden,OK,P0050,2024-04-12 10:14:36,1.85,1.0,2024-04-19 16:20:00,,1.0,"1,488.00",Exit-Zeile Gesamt-PnL (MTM),
139,Option,NXPI,NXPI 26APR24 240 C,Stillhalter,2024-04-24 09:58:49,Verkauf,-1,1.40,-140.00,17.50,-1.50,0.00,,16.00,,Nicht pro Trade isolierbar aus MTM-PDF; nur Klassen-Gesamtwert in EUR vorhanden,OK,,,,,,,,,,ENTRY Short-Option
140,Option,NXPI,NXPI 26APR24 240 C,Stillhalter,2024-04-26 16:20:00,Zugeteilt,1,-,0.00,270.00,0.00,0.00,,270.00,,Nicht pro Trade isolierbar aus MTM-PDF; nur Klassen-Gesamtwert in EUR vorhanden,OK,P0051,2024-04-24 09:58:49,1.4,1.0,2024-04-26 16:20:00,,1.0,270.00,Exit-Zeile Gesamt-PnL (MTM),
141,Option,SHEL,SHEL 17MAY24 72 P,Stillhalter,2024-05-15 11:33:26,Verkauf,-2,0.22,-44.00,14.00,-3.00,0.00,,11.00,,Nicht pro Trade isolierbar aus MTM-PDF; nur Klassen-Gesamtwert in EUR vorhanden,OK,,,,,,,,,,ENTRY Short-Option
142,Option,SHEL,SHEL 17MAY24 72 P,Stillhalter,2024-05-15 11:33:26,Verkauf,-1,0.22,-22.00,7.00,-1.50,0.00,,5.50,,Nicht pro Trade isolierbar aus MTM-PDF; nur Klassen-Gesamtwert in EUR vorhanden,OK,,,,,,,,,,ENTRY Short-Option
143,Option,SHEL,SHEL 17MAY24 72 P,Stillhalter,2024-05-17 16:20:00,Zugeteilt,3,-,0.00,24.00,0.00,0.00,,24.00,,Nicht pro Trade isolierbar aus MTM-PDF; nur Klassen-Gesamtwert in EUR vorhanden,OK,P0052,2024-05-15 11:33:26,0.22,3.0,2024-05-17 16:20:00,,3.0,24.00,Exit-Zeile Gesamt-PnL (MTM),
144,Option,SHEL,SHEL 24MAY24 72 C,Stillhalter,2024-05-20 10:23:13,Verkauf,-1,0.47,-47.00,9.50,-1.50,0.00,,8.00,,Nicht pro Trade isolierbar aus MTM-PDF; nur Klassen-Gesamtwert in EUR vorhanden,OK,,,,,,,,,,ENTRY Short-Option
145,Option,SHEL,SHEL 24MAY24 72 C,Stillhalter,2024-05-20 10:23:13,Verkauf,-2,0.47,-94.00,19.00,-3.00,0.00,,16.00,,Nicht pro Trade isolierbar aus MTM-PDF; nur Klassen-Gesamtwert in EUR vorhanden,OK,,,,,,,,,,ENTRY Short-Option
146,Option,SHEL,SHEL 24MAY24 72 C,Stillhalter,2024-05-24 16:20:00,Verfallen,3,-,0.00,0.00,0.00,0.00,,0.00,,Nicht pro Trade isolierbar aus MTM-PDF; nur Klassen-Gesamtwert in EUR vorhanden,OK,P0053,2024-05-20 10:23:13,0.47,3.0,2024-05-24 16:20:00,,3.0,0.00,Exit-Zeile Gesamt-PnL (MTM),
147,Option,SHEL,SHEL 31MAY24 72 C,Stillhalter,2024-05-28 15:32:32,Verkauf,-1,0.32,-32.00,-5.50,-1.50,0.00,,-7.00,,Nicht pro Trade isolierbar aus MTM-PDF; nur Klassen-Gesamtwert in EUR vorhanden,OK,,,,,,,,,,ENTRY Short-Option
148,Option,SHEL,SHEL 31MAY24 72 C,Stillhalter,2024-05-28 15:32:32,Verkauf,-2,0.32,-64.00,-11.00,-3.00,0.00,,-14.00,,Nicht pro Trade isolierbar aus MTM-PDF; nur Klassen-Gesamtwert in EUR vorhanden,OK,,,,,,,,,,ENTRY Short-Option
149,Option,SHEL,SHEL 31MAY24 72 C,Stillhalter,2024-05-31 16:20:00,Zugeteilt,3,-,0.00,234.00,0.00,0.00,,234.00,,Nicht pro Trade isolierbar aus MTM-PDF; nur Klassen-Gesamtwert in EUR vorhanden,OK,P0054,2024-05-28 15:32:32,0.32,3.0,2024-05-31 16:20:00,,3.0,234.00,Exit-Zeile Gesamt-PnL (MTM),
150,Option,SWKS,SWKS 08MAR24 100 P,Stillhalter,2024-02-28 10:16:23,Verkauf,-2,0.82,-164.00,-36.00,-3.00,0.00,,-39.00,,Nicht pro Trade isolierbar aus MTM-PDF; nur Klassen-Gesamtwert in EUR vorhanden,OK,,,,,,,,,,ENTRY Short-Option
151,Option,SWKS,SWKS 08MAR24 100 P,Stillhalter,2024-03-06 13:23:15,Kauf,2,0.08,16.00,27.40,-3.00,0.00,,24.40,,Nicht pro Trade isolierbar aus MTM-PDF; nur Klassen-Gesamtwert in EUR vorhanden,OK,P0055,2024-02-28 10:16:23,0.82,2.0,2024-03-06 13:23:15,0.08,2.0,24.40,Exit-Zeile Gesamt-PnL (MTM),
152,Option,SWKS,SWKS 12APR24 101 P,Stillhalter,2024-04-08 10:17:55,Verkauf,-2,0.60,-120.00,40.00,-3.00,0.00,,37.00,,Nicht pro Trade isolierbar aus MTM-PDF; nur Klassen-Gesamtwert in EUR vorhanden,OK,,,,,,,,,,ENTRY Short-Option
153,Option,SWKS,SWKS 12APR24 101 P,Stillhalter,2024-04-11 14:48:16,Kauf,2,0.06,12.00,3.20,-3.00,0.00,,0.20,,Nicht pro Trade isolierbar aus MTM-PDF; nur Klassen-Gesamtwert in EUR vorhanden,OK,P0056,2024-04-08 10:17:55,0.6,2.0,2024-04-11 14:48:16,0.06,2.0,0.20,Exit-Zeile Gesamt-PnL (MTM),
154,Option,TSM,TSM 24MAY24 149 P,Stillhalter,2024-05-16 10:12:20,Verkauf,-1,1.25,-125.00,-56.00,-1.50,0.00,,-57.50,,Nicht pro Trade isolierbar aus MTM-PDF; nur Klassen-Gesamtwert in EUR vorhanden,OK,,,,,,,,,,ENTRY Short-Option
155,Option,TSM,TSM 24MAY24 149 P,Stillhalter,2024-05-16 10:12:20,Verkauf,-1,1.25,-125.00,-56.00,-1.50,0.00,,-57.50,,Nicht pro Trade isolierbar aus MTM-PDF; nur Klassen-Gesamtwert in EUR vorhanden,OK,,,,,,,,,,ENTRY Short-Option
156,Option,TSM,TSM 24MAY24 149 P,Stillhalter,2024-05-23 09:30:43,Kauf,1,0.08,8.00,-1.81,-1.50,0.00,,-3.31,,Nicht pro Trade isolierbar aus MTM-PDF; nur Klassen-Gesamtwert in EUR vorhanden,OK,P0057,2024-05-16 10:12:20,1.25,1.0,2024-05-23 09:30:43,0.08,1.0,-3.31,Exit-Zeile Gesamt-PnL (MTM),
157,Option,TSM,TSM 24MAY24 149 P,Stillhalter,2024-05-23 09:30:43,Kauf,1,0.08,8.00,-1.81,-1.50,0.00,,-3.31,,Nicht pro Trade isolierbar aus MTM-PDF; nur Klassen-Gesamtwert in EUR vorhanden,OK,P0058,2024-05-16 10:12:20,1.25,1.0,2024-05-23 09:30:43,0.08,1.0,-3.31,Exit-Zeile Gesamt-PnL (MTM),
158,Option,TSM,TSM 19JUL24 172.5 P,Stillhalter,2024-07-11 11:07:40,Verkauf,-1,1.54,-154.00,-62.00,-1.50,0.00,,-63.50,,Nicht pro Trade isolierbar aus MTM-PDF; nur Klassen-Gesamtwert in EUR vorhanden,OK,,,,,,,,,,ENTRY Short-Option
159,Option,TSM,TSM 19JUL24 172.5 P,Stillhalter,2024-07-19 16:20:00,Zugeteilt,1,-,0.00,673.00,0.00,0.00,,673.00,,Nicht pro Trade isolierbar aus MTM-PDF; nur Klassen-Gesamtwert in EUR vorhanden,OK,P0059,2024-07-11 11:07:40,1.54,1.0,2024-07-19 16:20:00,,1.0,673.00,Exit-Zeile Gesamt-PnL (MTM),
160,Option,TSM,TSM 26JUL24 175 C,Stillhalter,2024-07-22 10:15:44,Verkauf,-1,1.25,-125.00,2.00,-1.50,0.00,,0.50,,Nicht pro Trade isolierbar aus MTM-PDF; nur Klassen-Gesamtwert in EUR vorhanden,OK,,,,,,,,,,ENTRY Short-Option
161,Option,TSM,TSM 26JUL24 175 C,Stillhalter,2024-07-26 16:20:00,Verfallen,1,-,0.00,0.00,0.00,0.00,,0.00,,Nicht pro Trade isolierbar aus MTM-PDF; nur Klassen-Gesamtwert in EUR vorhanden,OK,P0060,2024-07-22 10:15:44,1.25,1.0,2024-07-26 16:20:00,,1.0,0.00,Exit-Zeile Gesamt-PnL (MTM),
162,Option,WAL,WAL 05JAN24 62 P,Stillhalter,2024-01-02 09:53:07,Verkauf,-2,0.34,-68.00,18.00,-3.00,0.00,,15.00,,Nicht pro Trade isolierbar aus MTM-PDF; nur Klassen-Gesamtwert in EUR vorhanden,OK,,,,,,,,,,ENTRY Short-Option
163,Option,WAL,WAL 05JAN24 62 P,Stillhalter,2024-01-02 09:53:07,Verkauf,-2,0.34,-68.00,18.00,-3.00,0.00,,15.00,,Nicht pro Trade isolierbar aus MTM-PDF; nur Klassen-Gesamtwert in EUR vorhanden,OK,,,,,,,,,,ENTRY Short-Option
164,Option,WAL,WAL 05JAN24 62 P,Stillhalter,2024-01-05 16:20:00,Verfallen,4,-,0.00,0.00,0.00,0.00,,0.00,,Nicht pro Trade isolierbar aus MTM-PDF; nur Klassen-Gesamtwert in EUR vorhanden,OK,P0061,2024-01-02 09:53:07,0.34,4.0,2024-01-05 16:20:00,,4.0,0.00,Exit-Zeile Gesamt-PnL (MTM),
165,Option,WAL,WAL 02FEB24 47 P,Stillhalter,2024-02-01 11:22:15,Verkauf,-3,0.11,-33.00,31.08,-4.50,0.00,,26.58,,Nicht pro Trade isolierbar aus MTM-PDF; nur Klassen-Gesamtwert in EUR vorhanden,OK,,,,,,,,,,ENTRY Short-Option
166,Option,WAL,WAL 02FEB24 47 P,Stillhalter,2024-02-01 11:22:15,Verkauf,-2,0.11,-22.00,20.72,-3.00,0.00,,17.72,,Nicht pro Trade isolierbar aus MTM-PDF; nur Klassen-Gesamtwert in EUR vorhanden,OK,,,,,,,,,,ENTRY Short-Option
167,Option,WAL,WAL 02FEB24 47 P,Stillhalter,2024-02-02 16:20:00,Verfallen,5,-,0.00,0.00,0.00,0.00,,0.00,,Nicht pro Trade isolierbar aus MTM-PDF; nur Klassen-Gesamtwert in EUR vorhanden,OK,P0062,2024-02-01 11:22:15,0.11,5.0,2024-02-02 16:20:00,,5.0,0.00,Exit-Zeile Gesamt-PnL (MTM),
168,Option,WAL,WAL 09FEB24 54 P,Stillhalter,2024-02-05 11:16:05,Verkauf,-4,0.25,-100.00,16.64,-6.00,0.00,,10.64,,Nicht pro Trade isolierbar aus MTM-PDF; nur Klassen-Gesamtwert in EUR vorhanden,OK,,,,,,,,,,ENTRY Short-Option
169,Option,WAL,WAL 09FEB24 54 P,Stillhalter,2024-02-09 16:20:00,Verfallen,4,-,0.00,0.00,0.00,0.00,,0.00,,Nicht pro Trade isolierbar aus MTM-PDF; nur Klassen-Gesamtwert in EUR vorhanden,OK,P0063,2024-02-05 11:16:05,0.25,4.0,2024-02-09 16:20:00,,4.0,0.00,Exit-Zeile Gesamt-PnL (MTM),
170,Option,WAL,WAL 23FEB24 55 P,Stillhalter,2024-02-13 09:46:25,Verkauf,-2,0.61,-122.00,-25.86,-3.00,0.00,,-28.86,,Nicht pro Trade isolierbar aus MTM-PDF; nur Klassen-Gesamtwert in EUR vorhanden,OK,,,,,,,,,,ENTRY Short-Option
171,Option,WAL,WAL 23FEB24 55 P,Stillhalter,2024-02-13 09:46:25,Verkauf,-2,0.61,-122.00,-25.86,-3.00,0.00,,-28.86,,Nicht pro Trade isolierbar aus MTM-PDF; nur Klassen-Gesamtwert in EUR vorhanden,OK,,,,,,,,,,ENTRY Short-Option
172,Option,WAL,WAL 23FEB24 55 P,Stillhalter,2024-02-22 09:30:10,Kauf,3,0.05,15.00,0.00,-4.50,0.00,,-4.50,,Nicht pro Trade isolierbar aus MTM-PDF; nur Klassen-Gesamtwert in EUR vorhanden,OK,P0064,2024-02-13 09:46:25,0.61,3.0,2024-02-22 09:30:10,0.05,3.0,-4.50,Exit-Zeile Gesamt-PnL (MTM),
173,Option,WAL,WAL 23FEB24 55 P,Stillhalter,2024-02-22 09:30:10,Kauf,1,0.05,5.00,0.00,-1.50,0.00,,-1.50,,Nicht pro Trade isolierbar aus MTM-PDF; nur Klassen-Gesamtwert in EUR vorhanden,OK,P0065,2024-02-13 09:46:25,0.61,1.0,2024-02-22 09:30:10,0.05,1.0,-1.50,Exit-Zeile Gesamt-PnL (MTM),
174,Option,WAL,WAL 08MAR24 55 P,Stillhalter,2024-02-28 10:41:08,Verkauf,-2,0.58,-116.00,-35.02,-3.00,0.00,,-38.02,,Nicht pro Trade isolierbar aus MTM-PDF; nur Klassen-Gesamtwert in EUR vorhanden,OK,,,,,,,,,,ENTRY Short-Option
175,Option,WAL,WAL 08MAR24 55 P,Stillhalter,2024-02-28 10:41:08,Verkauf,-2,0.58,-116.00,-35.02,-3.00,0.00,,-38.02,,Nicht pro Trade isolierbar aus MTM-PDF; nur Klassen-Gesamtwert in EUR vorhanden,OK,,,,,,,,,,ENTRY Short-Option
176,Option,WAL,WAL 08MAR24 55 P,Stillhalter,2024-03-07 09:32:05,Kauf,4,0.05,20.00,0.00,-6.00,0.00,,-6.00,,Nicht pro Trade isolierbar aus MTM-PDF; nur Klassen-Gesamtwert in EUR vorhanden,OK,P0066,2024-02-28 10:41:08,0.58,4.0,2024-03-07 09:32:05,0.05,4.0,-6.00,Exit-Zeile Gesamt-PnL (MTM),
177,Option,WAL,WAL 19APR24 54 P,Stillhalter,2024-04-10 10:01:33,Verkauf,-2,0.56,-112.00,-78.00,-3.00,0.00,,-81.00,,Nicht pro Trade isolierbar aus MTM-PDF; nur Klassen-Gesamtwert in EUR vorhanden,OK,,,,,,,,,,ENTRY Short-Option
178,Option,WAL,WAL 19APR24 54 P,Stillhalter,2024-04-10 10:01:33,Verkauf,-2,0.56,-112.00,-78.00,-3.00,0.00,,-81.00,,Nicht pro Trade isolierbar aus MTM-PDF; nur Klassen-Gesamtwert in EUR vorhanden,OK,,,,,,,,,,ENTRY Short-Option
179,Option,WAL,WAL 19APR24 54 P,Stillhalter,2024-04-19 16:20:00,Verfallen,4,-,0.00,0.00,0.00,0.00,,0.00,,Nicht pro Trade isolierbar aus MTM-PDF; nur Klassen-Gesamtwert in EUR vorhanden,OK,P0067,2024-04-10 10:01:33,0.56,4.0,2024-04-19 16:20:00,,4.0,0.00,Exit-Zeile Gesamt-PnL (MTM),
180,Option,WAL,WAL 14JUN24 55 P,Stillhalter,2024-06-10 09:47:00,Verkauf,-4,0.36,-144.00,53.84,-6.00,0.00,,47.84,,Nicht pro Trade isolierbar aus MTM-PDF; nur Klassen-Gesamtwert in EUR vorhanden,OK,,,,,,,,,,ENTRY Short-Option
181,Option,WAL,WAL 14JUN24 55 P,Stillhalter,2024-06-14 16:20:00,Verfallen,4,-,0.00,0.00,0.00,0.00,,0.00,,Nicht pro Trade isolierbar aus MTM-PDF; nur Klassen-Gesamtwert in EUR vorhanden,OK,P0068,2024-06-10 09:47:00,0.36,4.0,2024-06-14 16:20:00,,4.0,0.00,Exit-Zeile Gesamt-PnL (MTM),
182,Option,WAL,WAL 28JUN24 58 P,Stillhalter,2024-06-25 11:12:21,Verkauf,-4,0.20,-80.00,10.00,-6.00,0.00,,4.00,,Nicht pro Trade isolierbar aus MTM-PDF; nur Klassen-Gesamtwert in EUR vorhanden,OK,,,,,,,,,,ENTRY Short-Option
183,Option,WAL,WAL 28JUN24 58 P,Stillhalter,2024-06-28 16:20:00,Verfallen,4,-,0.00,0.00,0.00,0.00,,0.00,,Nicht pro Trade isolierbar aus MTM-PDF; nur Klassen-Gesamtwert in EUR vorhanden,OK,P0069,2024-06-25 11:12:21,0.2,4.0,2024-06-28 16:20:00,,4.0,0.00,Exit-Zeile Gesamt-PnL (MTM),
184,Option,X,X 12APR24 39 P,Stillhalter,2024-04-09 10:47:10,Verkauf,-6,0.19,-114.00,57.66,-9.00,0.00,,48.66,,Nicht pro Trade isolierbar aus MTM-PDF; nur Klassen-Gesamtwert in EUR vorhanden,OK,,,,,,,,,,ENTRY Short-Option
185,Option,X,X 12APR24 39 P,Stillhalter,2024-04-11 12:14:38,Kauf,6,0.02,12.00,48.60,-9.00,0.00,,39.60,,Nicht pro Trade isolierbar aus MTM-PDF; nur Klassen-Gesamtwert in EUR vorhanden,OK,P0070,2024-04-09 10:47:10,0.19,6.0,2024-04-11 12:14:38,0.02,6.0,39.60,Exit-Zeile Gesamt-PnL (MTM),
186,Option,ZION,ZION 22MAR24 39 P,Stillhalter,2024-03-11 11:26:34,Verkauf,-6,0.47,-282.00,42.00,-9.00,0.00,,33.00,,Nicht pro Trade isolierbar aus MTM-PDF; nur Klassen-Gesamtwert in EUR vorhanden,OK,,,,,,,,,,ENTRY Short-Option
187,Option,ZION,ZION 22MAR24 39 P,Stillhalter,2024-03-21 09:37:55,Kauf,6,0.04,24.00,-23.94,-9.00,0.00,,-32.94,,Nicht pro Trade isolierbar aus MTM-PDF; nur Klassen-Gesamtwert in EUR vorhanden,OK,P0071,2024-03-11 11:26:34,0.47,6.0,2024-03-21 09:37:55,0.04,6.0,-32.94,Exit-Zeile Gesamt-PnL (MTM),
188,Option,ZION,ZION 28JUN24 39 P,Stillhalter,2024-06-17 10:25:30,Verkauf,-6,0.56,-336.00,186.00,-9.00,0.00,,177.00,,Nicht pro Trade isolierbar aus MTM-PDF; nur Klassen-Gesamtwert in EUR vorhanden,OK,,,,,,,,,,ENTRY Short-Option
189,Option,ZION,ZION 28JUN24 39 P,Stillhalter,2024-06-24 13:13:03,Kauf,6,0.05,30.00,13.20,-9.00,0.00,,4.20,,Nicht pro Trade isolierbar aus MTM-PDF; nur Klassen-Gesamtwert in EUR vorhanden,OK,P0072,2024-06-17 10:25:30,0.56,6.0,2024-06-24 13:13:03,0.05,6.0,4.20,Exit-Zeile Gesamt-PnL (MTM),
190,Devisen,USD,,Termingeschäft,2024-11-05 11:02:18,Kauf,"-2,180.60",0.91,"-1,995.05",4.95,-2.76,0.00,,2.19,,Nicht pro Trade isolierbar aus MTM-PDF; nur Klassen-Gesamtwert in EUR vorhanden,OK,,,,,,,,2.19,MTM Zeile Devisen,Einzel-FX-Trade ohne Gegenbein im PDF
