Keyword,Volume,KD,Intent,Niche,Funnel,Content,Competitor Coverage,Priority,Action,CPC for SEA,Land
Trading Journal,>100,medium,,,,,,,,,Germany
Trading Journal Excel,>100,easy,,,,,,,,,Germany
Trading Journal App,<100,easy,,,,,,,,,Germany
Trading Journal Software,<100,medium,,,,,,,,,Germany
Handels Journal,<100,n/a,,,,,,,,,Germany
Handels Tagebuch,,nicht gefunden,,,,,,,,,
Trading Journal,>100,medium,,,,,,,,,Nigeria
Trading Journal Template,>100,medium,,,,,,,,,Nigeria
Trading Journal,>1000,hard,,,,,,,,,USA
Trading Journal Template,>100,easy,,,,,,,,,USA
free Trading Journal,>100,medium,,,,,,,,,USA
best Trading Journal,>100,hard,,,,,,,,,USA
Trading Journal Software,>100,hard,,,,,,,,,USA
Stock Trading Journal,>100,hard,,,,,,,,,USA
futures Trading Journal,<100,,,,,,,,,,USA
options Trading Journal,<100,,,,,,,,,,USA
